Series Name,Series Code,Country Name,Country Code,1990 [YR1990],2000 [YR2000],2011 [YR2011],2012 [YR2012],2013 [YR2013],2014 [YR2014],2015 [YR2015],2016 [YR2016],2017 [YR2017],2018 [YR2018],2019 [YR2019],2020 [YR2020]
"Labor force participation rate, total (% of total population ages 15-64) (modeled ILO estimate)",SL.TLF.ACTI.ZS,Afghanistan,AFG,49.07,49.05,49.13,49.27,49.46,49.65,49.86,50.03,50.21,50.35,50.49,..
"Labor force participation rate, total (% of total population ages 15-64) (modeled ILO estimate)",SL.TLF.ACTI.ZS,Albania,ALB,70.57,68.59,68.19,64.43,60.52,61.18,64.25,65.4,65.82,68.32,69.61,..
"Labor force participation rate, total (% of total population ages 15-64) (modeled ILO estimate)",SL.TLF.ACTI.ZS,Algeria,DZA,46.65,46.16,45.58,45.88,46.96,44.78,45.32,45.86,46.39,46.41,46.37,..
"Labor force participation rate, total (% of total population ages 15-64) (modeled ILO estimate)",SL.TLF.ACTI.ZS,American Samoa,ASM,..,..,..,..,..,..,..,..,..,..,..,..
"Labor force participation rate, total (% of total population ages 15-64) (modeled ILO estimate)",SL.TLF.ACTI.ZS,Andorra,AND,..,..,..,..,..,..,..,..,..,..,..,..
"Labor force participation rate, total (% of total population ages 15-64) (modeled ILO estimate)",SL.TLF.ACTI.ZS,Angola,AGO,78.51,78.07,77.96,78.02,78.07,78.09,78.09,78.12,78.09,78.03,77.93,..
"Labor force participation rate, total (% of total population ages 15-64) (modeled ILO estimate)",SL.TLF.ACTI.ZS,Antigua and Barbuda,ATG,..,..,..,..,..,..,..,..,..,..,..,..
"Labor force participation rate, total (% of total population ages 15-64) (modeled ILO estimate)",SL.TLF.ACTI.ZS,Argentina,ARG,67.04,68.97,67.96,68.04,67.78,67.05,67.47,67.86,68.23,69.21,69.37,..
"Labor force participation rate, total (% of total population ages 15-64) (modeled ILO estimate)",SL.TLF.ACTI.ZS,Armenia,ARM,61.83,60.88,66.24,66.58,66.89,66.18,65.46,64.26,64.07,61.6,61.55,..
"Labor force participation rate, total (% of total population ages 15-64) (modeled ILO estimate)",SL.TLF.ACTI.ZS,Aruba,ABW,..,..,..,..,..,..,..,..,..,..,..,..
"Labor force participation rate, total (% of total population ages 15-64) (modeled ILO estimate)",SL.TLF.ACTI.ZS,Australia,AUS,73.62,73.95,76.65,76.41,76.4,76.34,77.01,77.02,77.51,78.07,78.51,..
"Labor force participation rate, total (% of total population ages 15-64) (modeled ILO estimate)",SL.TLF.ACTI.ZS,Austria,AUT,67.66,71.13,74.77,75.32,75.64,75.42,75.51,76.18,76.33,76.63,76.86,..
"Labor force participation rate, total (% of total population ages 15-64) (modeled ILO estimate)",SL.TLF.ACTI.ZS,Azerbaijan,AZE,77.4,82.76,68.69,68.96,69.29,69.9,70.3,71.2,71.71,72.16,72.04,..
"Labor force participation rate, total (% of total population ages 15-64) (modeled ILO estimate)",SL.TLF.ACTI.ZS,"Bahamas, The",BHS,75.25,79.41,80.33,80.45,80.61,80.79,80.95,81.1,81.22,81.34,81.46,..
"Labor force participation rate, total (% of total population ages 15-64) (modeled ILO estimate)",SL.TLF.ACTI.ZS,Bahrain,BHR,66.49,67.43,72.72,72.83,72.88,72.97,73.09,73.51,74.07,74.63,75.09,..
"Labor force participation rate, total (% of total population ages 15-64) (modeled ILO estimate)",SL.TLF.ACTI.ZS,Bangladesh,BGD,58.68,58.85,58.54,58.54,58.55,58.55,58.54,58.53,61.23,61.4,61.54,..
"Labor force participation rate, total (% of total population ages 15-64) (modeled ILO estimate)",SL.TLF.ACTI.ZS,Barbados,BRB,78.41,79.72,78.64,77.62,78.17,76.61,77.15,77.78,77.76,77.73,77.73,..
"Labor force participation rate, total (% of total population ages 15-64) (modeled ILO estimate)",SL.TLF.ACTI.ZS,Belarus,BLR,68.4,70.28,75.5,75.96,76.41,76.83,77.18,77.46,77.74,78.2,78.06,..
"Labor force participation rate, total (% of total population ages 15-64) (modeled ILO estimate)",SL.TLF.ACTI.ZS,Belgium,BEL,58.81,65.22,66.62,66.79,67.44,67.72,67.68,67.73,68.06,68.63,69.06,..
"Labor force participation rate, total (% of total population ages 15-64) (modeled ILO estimate)",SL.TLF.ACTI.ZS,Belize,BLZ,60.82,63.37,65.62,65.63,65.66,66.28,66.59,67.52,67.19,67.46,67.71,..
"Labor force participation rate, total (% of total population ages 15-64) (modeled ILO estimate)",SL.TLF.ACTI.ZS,Benin,BEN,73.48,73.11,71.72,71.71,71.68,71.65,71.66,71.68,71.68,71.67,71.66,..
"Labor force participation rate, total (% of total population ages 15-64) (modeled ILO estimate)",SL.TLF.ACTI.ZS,Bermuda,BMU,..,..,..,..,..,..,..,..,..,..,..,..
"Labor force participation rate, total (% of total population ages 15-64) (modeled ILO estimate)",SL.TLF.ACTI.ZS,Bhutan,BTN,73.36,71.51,68.32,66.07,66.47,64.5,68.61,68.98,69.35,69.71,70.04,..
"Labor force participation rate, total (% of total population ages 15-64) (modeled ILO estimate)",SL.TLF.ACTI.ZS,Bolivia,BOL,71.09,72.43,74.04,71.07,71.18,73.38,68.99,69.81,71.04,74.04,74.21,..
"Labor force participation rate, total (% of total population ages 15-64) (modeled ILO estimate)",SL.TLF.ACTI.ZS,Bosnia and Herzegovina,BIH,53.8,53.45,54.09,54.43,54.42,55.63,55.72,55.95,55.93,56.62,57.74,..
"Labor force participation rate, total (% of total population ages 15-64) (modeled ILO estimate)",SL.TLF.ACTI.ZS,Botswana,BWA,62.22,59.63,66.02,69.7,72.85,72.93,73.07,73.09,73.11,73.07,73.05,..
"Labor force participation rate, total (% of total population ages 15-64) (modeled ILO estimate)",SL.TLF.ACTI.ZS,Brazil,BRA,65.36,67.81,68.65,69.51,69.56,69.47,69.8,69.74,70.17,70.31,70.93,..
"Labor force participation rate, total (% of total population ages 15-64) (modeled ILO estimate)",SL.TLF.ACTI.ZS,British Virgin Islands,VGB,..,..,..,..,..,..,..,..,..,..,..,..
"Labor force participation rate, total (% of total population ages 15-64) (modeled ILO estimate)",SL.TLF.ACTI.ZS,Brunei Darussalam,BRN,67.12,70.1,69.32,69.31,69.27,69.21,69.18,69.16,69.13,70.15,68.53,..
"Labor force participation rate, total (% of total population ages 15-64) (modeled ILO estimate)",SL.TLF.ACTI.ZS,Bulgaria,BGR,68.16,61.38,65.99,67.07,68.37,69.03,69.4,68.8,71.48,71.67,73.37,..
"Labor force participation rate, total (% of total population ages 15-64) (modeled ILO estimate)",SL.TLF.ACTI.ZS,Burkina Faso,BFA,85.09,79.13,70.77,69.89,68.96,67.97,67.96,67.93,67.9,67.85,67.79,..
"Labor force participation rate, total (% of total population ages 15-64) (modeled ILO estimate)",SL.TLF.ACTI.ZS,Burundi,BDI,91.39,84.42,79.25,79.13,79.04,78.92,79.29,79.59,79.8,79.94,80,..
"Labor force participation rate, total (% of total population ages 15-64) (modeled ILO estimate)",SL.TLF.ACTI.ZS,Cabo Verde,CPV,64.07,62.5,62.52,62.73,62.95,63.13,63.26,63.4,63.5,63.73,63.89,..
"Labor force participation rate, total (% of total population ages 15-64) (modeled ILO estimate)",SL.TLF.ACTI.ZS,Cambodia,KHM,81.43,81.37,87.98,85.67,83.08,83.15,83.18,84.78,84.94,84.94,84.9,..
"Labor force participation rate, total (% of total population ages 15-64) (modeled ILO estimate)",SL.TLF.ACTI.ZS,Cameroon,CMR,84.22,83.1,76.86,76.95,77.02,77.06,77.07,77.07,77.05,76.99,76.9,..
"Labor force participation rate, total (% of total population ages 15-64) (modeled ILO estimate)",SL.TLF.ACTI.ZS,Canada,CAN,76.73,76.18,77.84,77.82,78.02,77.74,77.95,78.09,78.46,78.47,79.04,..
"Labor force participation rate, total (% of total population ages 15-64) (modeled ILO estimate)",SL.TLF.ACTI.ZS,Cayman Islands,CYM,..,..,..,..,..,..,..,..,..,..,..,..
"Labor force participation rate, total (% of total population ages 15-64) (modeled ILO estimate)",SL.TLF.ACTI.ZS,Central African Republic,CAF,73.81,73.38,73.64,73.67,73.94,73.82,73.61,73.37,73.1,72.8,72.48,..
"Labor force participation rate, total (% of total population ages 15-64) (modeled ILO estimate)",SL.TLF.ACTI.ZS,Chad,TCD,72.41,72.56,71.62,71.49,71.36,71.21,71.07,71.06,70.99,70.86,70.72,..
"Labor force participation rate, total (% of total population ages 15-64) (modeled ILO estimate)",SL.TLF.ACTI.ZS,Channel Islands,CHI,69.34,70.82,71.6,71.78,71.94,72.08,72.25,72.38,72.49,72.58,72.68,..
"Labor force participation rate, total (% of total population ages 15-64) (modeled ILO estimate)",SL.TLF.ACTI.ZS,Chile,CHL,58,61.02,67.19,67.27,67.47,67.81,68.07,68.04,68.52,68.96,68.9,..
"Labor force participation rate, total (% of total population ages 15-64) (modeled ILO estimate)",SL.TLF.ACTI.ZS,China,CHN,84.24,82.58,76.69,76.58,76.46,76.35,76.26,76.19,76.12,76.02,75.88,..
"Labor force participation rate, total (% of total population ages 15-64) (modeled ILO estimate)",SL.TLF.ACTI.ZS,Colombia,COL,69.31,71.12,73.01,74.05,73.75,73.92,74.43,74.12,73.91,73.6,72.86,..
"Labor force participation rate, total (% of total population ages 15-64) (modeled ILO estimate)",SL.TLF.ACTI.ZS,Comoros,COM,42.81,42.53,44.8,45.21,45.62,46.02,46.19,46.3,46.39,46.47,46.56,..
"Labor force participation rate, total (% of total population ages 15-64) (modeled ILO estimate)",SL.TLF.ACTI.ZS,"Congo, Dem. Rep.",COD,71.15,72.12,65.66,64.5,64.48,64.42,64.36,64.35,64.29,64.18,64.07,..
"Labor force participation rate, total (% of total population ages 15-64) (modeled ILO estimate)",SL.TLF.ACTI.ZS,"Congo, Rep.",COG,69.28,69.04,70.67,70.78,70.82,70.76,70.71,70.7,70.63,70.48,70.33,..
"Labor force participation rate, total (% of total population ages 15-64) (modeled ILO estimate)",SL.TLF.ACTI.ZS,Costa Rica,CRI,61.47,63.29,65.31,69.05,68.75,68.7,67.67,65.39,66.37,68.61,71.15,..
"Labor force participation rate, total (% of total population ages 15-64) (modeled ILO estimate)",SL.TLF.ACTI.ZS,Cote d'Ivoire,CIV,68.16,65.66,59.22,58.62,58.03,57.44,56.87,56.31,54.65,54.59,54.56,..
"Labor force participation rate, total (% of total population ages 15-64) (modeled ILO estimate)",SL.TLF.ACTI.ZS,Croatia,HRV,65.79,64.4,64.22,63.95,63.72,66.08,66.86,65.56,66.54,66.58,66.99,..
"Labor force participation rate, total (% of total population ages 15-64) (modeled ILO estimate)",SL.TLF.ACTI.ZS,Cuba,CUB,55.38,58.22,63.87,63.9,63.89,63.88,63.95,63.99,64.12,64.26,64.29,..
"Labor force participation rate, total (% of total population ages 15-64) (modeled ILO estimate)",SL.TLF.ACTI.ZS,Curacao,CUW,..,..,..,..,..,..,..,..,..,..,..,..
"Labor force participation rate, total (% of total population ages 15-64) (modeled ILO estimate)",SL.TLF.ACTI.ZS,Cyprus,CYP,67.49,68.5,71.79,71.85,72.15,73.22,72.79,72.23,72.8,74.05,74.84,..
"Labor force participation rate, total (% of total population ages 15-64) (modeled ILO estimate)",SL.TLF.ACTI.ZS,Czech Republic,CZE,71.84,71.19,70.45,71.48,72.8,73.53,74.13,75.19,76.11,76.79,76.86,..
"Labor force participation rate, total (% of total population ages 15-64) (modeled ILO estimate)",SL.TLF.ACTI.ZS,Denmark,DNK,82.41,79.85,77.56,76.9,76.3,76.42,76.86,77.43,77.89,78.2,79.01,..
"Labor force participation rate, total (% of total population ages 15-64) (modeled ILO estimate)",SL.TLF.ACTI.ZS,Djibouti,DJI,65.43,64.73,63.84,63.88,63.9,63.88,63.84,63.84,63.82,63.75,63.7,..
"Labor force participation rate, total (% of total population ages 15-64) (modeled ILO estimate)",SL.TLF.ACTI.ZS,Dominica,DMA,..,..,..,..,..,..,..,..,..,..,..,..
"Labor force participation rate, total (% of total population ages 15-64) (modeled ILO estimate)",SL.TLF.ACTI.ZS,Dominican Republic,DOM,60.54,62.15,62.99,63.69,64.2,64.58,67.48,67.84,67.92,69.84,71.05,..
"Labor force participation rate, total (% of total population ages 15-64) (modeled ILO estimate)",SL.TLF.ACTI.ZS,Ecuador,ECU,65.32,69.54,66.99,67.65,67.08,66.85,69.21,71.15,71.97,71.03,70.96,..
"Labor force participation rate, total (% of total population ages 15-64) (modeled ILO estimate)",SL.TLF.ACTI.ZS,"Egypt, Arab Rep.",EGY,49.35,48.95,51.8,52.18,52.78,52.86,51.07,50.68,49.36,47.91,47.87,..
"Labor force participation rate, total (% of total population ages 15-64) (modeled ILO estimate)",SL.TLF.ACTI.ZS,El Salvador,SLV,63.04,64.18,63.15,63.79,64.35,63.12,62.31,63.19,63.08,62.85,63.15,..
"Labor force participation rate, total (% of total population ages 15-64) (modeled ILO estimate)",SL.TLF.ACTI.ZS,Equatorial Guinea,GNQ,61.82,60.74,63.06,62.98,63.08,63.36,63.72,63.33,63.06,63.02,63.19,..
"Labor force participation rate, total (% of total population ages 15-64) (modeled ILO estimate)",SL.TLF.ACTI.ZS,Eritrea,ERI,82.4,80.67,80.06,80.64,81.18,81.32,81.66,81.59,81.63,81.46,81.25,..
"Labor force participation rate, total (% of total population ages 15-64) (modeled ILO estimate)",SL.TLF.ACTI.ZS,Estonia,EST,73.17,70.48,74.84,74.97,75.27,75.4,76.8,77.63,78.89,79.12,78.9,..
"Labor force participation rate, total (% of total population ages 15-64) (modeled ILO estimate)",SL.TLF.ACTI.ZS,Eswatini,SWZ,53.82,52.13,52.92,53.04,53.19,53.38,53.52,53.86,54.2,54.5,54.71,..
"Labor force participation rate, total (% of total population ages 15-64) (modeled ILO estimate)",SL.TLF.ACTI.ZS,Ethiopia,ETH,78.94,81.62,82.93,82.81,82.7,82.41,82.12,81.91,81.69,81.51,81.34,..
"Labor force participation rate, total (% of total population ages 15-64) (modeled ILO estimate)",SL.TLF.ACTI.ZS,Faroe Islands,FRO,..,..,..,..,..,..,..,..,..,..,..,..
"Labor force participation rate, total (% of total population ages 15-64) (modeled ILO estimate)",SL.TLF.ACTI.ZS,Fiji,FJI,61.16,58.68,64.22,63.5,62.73,61.89,61.34,60.68,60.5,60.37,60.29,..
"Labor force participation rate, total (% of total population ages 15-64) (modeled ILO estimate)",SL.TLF.ACTI.ZS,Finland,FIN,77.12,74.2,74.67,74.96,74.91,75.21,75.63,75.78,76.64,77.79,78.15,..
"Labor force participation rate, total (% of total population ages 15-64) (modeled ILO estimate)",SL.TLF.ACTI.ZS,France,FRA,66.79,68.64,70.05,70.58,71.01,70.94,71.23,71.44,71.6,72.01,71.82,..
"Labor force participation rate, total (% of total population ages 15-64) (modeled ILO estimate)",SL.TLF.ACTI.ZS,French Polynesia,PYF,61.63,62.38,61.4,61.42,61.27,61.07,60.86,60.67,60.52,60.4,60.26,..
"Labor force participation rate, total (% of total population ages 15-64) (modeled ILO estimate)",SL.TLF.ACTI.ZS,Gabon,GAB,49.19,49.27,51.46,51.72,52.09,52.58,53.14,53.63,54.1,54.48,54.74,..
"Labor force participation rate, total (% of total population ages 15-64) (modeled ILO estimate)",SL.TLF.ACTI.ZS,"Gambia, The",GMB,58.17,59.19,60.01,60.22,60.24,60.34,60.37,60.48,60.53,60.55,60.54,..
"Labor force participation rate, total (% of total population ages 15-64) (modeled ILO estimate)",SL.TLF.ACTI.ZS,Georgia,GEO,69.85,66.19,73.66,74.31,73.74,74.57,75.43,74.25,72.73,70.3,69.4,..
"Labor force participation rate, total (% of total population ages 15-64) (modeled ILO estimate)",SL.TLF.ACTI.ZS,Germany,DEU,70.16,71.56,77.44,77.36,77.7,77.71,77.57,77.81,78.06,78.49,79.08,..
"Labor force participation rate, total (% of total population ages 15-64) (modeled ILO estimate)",SL.TLF.ACTI.ZS,Ghana,GHA,75.63,75.57,70.87,70.53,70.16,69.77,69.35,69.37,69.32,69.27,69.21,..
"Labor force participation rate, total (% of total population ages 15-64) (modeled ILO estimate)",SL.TLF.ACTI.ZS,Gibraltar,GIB,..,..,..,..,..,..,..,..,..,..,..,..
"Labor force participation rate, total (% of total population ages 15-64) (modeled ILO estimate)",SL.TLF.ACTI.ZS,Greece,GRC,60.17,64.9,67.41,67.69,67.76,67.62,68.02,68.32,68.34,68.39,68.7,..
"Labor force participation rate, total (% of total population ages 15-64) (modeled ILO estimate)",SL.TLF.ACTI.ZS,Greenland,GRL,..,..,..,..,..,..,..,..,..,..,..,..
"Labor force participation rate, total (% of total population ages 15-64) (modeled ILO estimate)",SL.TLF.ACTI.ZS,Grenada,GRD,..,..,..,..,..,..,..,..,..,..,..,..
"Labor force participation rate, total (% of total population ages 15-64) (modeled ILO estimate)",SL.TLF.ACTI.ZS,Guam,GUM,74.45,72.92,70.76,70.64,70.57,70.51,70.51,70.53,70.56,70.61,70.59,..
"Labor force participation rate, total (% of total population ages 15-64) (modeled ILO estimate)",SL.TLF.ACTI.ZS,Guatemala,GTM,63.51,63.97,63.13,68.16,63.19,63.68,63.41,63.97,64.16,64.44,64.71,..
"Labor force participation rate, total (% of total population ages 15-64) (modeled ILO estimate)",SL.TLF.ACTI.ZS,Guinea,GIN,65.98,65.87,64.49,64.32,64.17,64,63.84,63.55,63.29,63.11,62.96,..
"Labor force participation rate, total (% of total population ages 15-64) (modeled ILO estimate)",SL.TLF.ACTI.ZS,Guinea-Bissau,GNB,74.27,73.05,72.45,72.57,72.65,72.74,72.78,72.83,72.87,72.9,72.89,..
"Labor force participation rate, total (% of total population ages 15-64) (modeled ILO estimate)",SL.TLF.ACTI.ZS,Guyana,GUY,62.14,60.14,58.4,58.37,58.39,58.41,58.42,58.47,58.52,58.56,58.64,..
"Labor force participation rate, total (% of total population ages 15-64) (modeled ILO estimate)",SL.TLF.ACTI.ZS,Haiti,HTI,67.92,63.65,66.65,66.97,67.28,67.58,67.87,68.15,68.42,68.68,68.93,..
"Labor force participation rate, total (% of total population ages 15-64) (modeled ILO estimate)",SL.TLF.ACTI.ZS,Honduras,HND,67.57,67.86,63.75,62.97,66.86,68.49,68.43,68.27,68.74,70.77,71.05,..
"Labor force participation rate, total (% of total population ages 15-64) (modeled ILO estimate)",SL.TLF.ACTI.ZS,"Hong Kong SAR, China",HKG,69.88,69.74,69.11,69.75,70.84,70.91,71.37,71.6,71.96,72.26,72.27,..
"Labor force participation rate, total (% of total population ages 15-64) (modeled ILO estimate)",SL.TLF.ACTI.ZS,Hungary,HUN,64.53,59.47,62.29,63.49,64.33,66.6,68.37,69.95,71.09,71.93,72.57,..
"Labor force participation rate, total (% of total population ages 15-64) (modeled ILO estimate)",SL.TLF.ACTI.ZS,Iceland,ISL,81.56,88.37,84.16,84.52,85.56,87.02,88.09,89.09,88.35,87.08,86.67,..
"Labor force participation rate, total (% of total population ages 15-64) (modeled ILO estimate)",SL.TLF.ACTI.ZS,India,IND,60.21,59.66,55.42,54.51,54.09,53.68,53.29,52.9,52.52,52.15,52.13,..
"Labor force participation rate, total (% of total population ages 15-64) (modeled ILO estimate)",SL.TLF.ACTI.ZS,Indonesia,IDN,67.62,69.04,69.43,69.95,69.27,69,68.66,68.37,68.98,69.65,70.2,..
"Labor force participation rate, total (% of total population ages 15-64) (modeled ILO estimate)",SL.TLF.ACTI.ZS,"Iran, Islamic Rep.",IRN,47.07,45.43,44.53,44.22,43.94,43.64,44.88,46.54,47.64,47.79,48,..
"Labor force participation rate, total (% of total population ages 15-64) (modeled ILO estimate)",SL.TLF.ACTI.ZS,Iraq,IRQ,43.29,43.93,44.03,44.01,44.83,45.69,45.72,45.72,44.25,44.56,44.67,..
"Labor force participation rate, total (% of total population ages 15-64) (modeled ILO estimate)",SL.TLF.ACTI.ZS,Ireland,IRL,64.86,70.95,71.23,71.24,71.97,72.08,72.28,72.85,72.91,73.23,73.51,..
"Labor force participation rate, total (% of total population ages 15-64) (modeled ILO estimate)",SL.TLF.ACTI.ZS,Isle of Man,IMN,..,..,..,..,..,..,..,..,..,..,..,..
"Labor force participation rate, total (% of total population ages 15-64) (modeled ILO estimate)",SL.TLF.ACTI.ZS,Israel,ISR,65.68,69.59,71.07,71.65,71.81,72.38,72.43,72.4,72.46,72.41,72.18,..
"Labor force participation rate, total (% of total population ages 15-64) (modeled ILO estimate)",SL.TLF.ACTI.ZS,Italy,ITA,60.46,59.81,62.15,63.57,63.38,63.95,64.07,64.98,65.49,65.71,65.82,..
"Labor force participation rate, total (% of total population ages 15-64) (modeled ILO estimate)",SL.TLF.ACTI.ZS,Jamaica,JAM,75.71,71.69,67.63,67.42,68.53,68.39,68.74,70.31,71.15,70.44,71.38,..
"Labor force participation rate, total (% of total population ages 15-64) (modeled ILO estimate)",SL.TLF.ACTI.ZS,Japan,JPN,70.08,72.55,74.05,74.21,75.09,75.69,76.14,77.02,77.76,79.05,79.82,..
"Labor force participation rate, total (% of total population ages 15-64) (modeled ILO estimate)",SL.TLF.ACTI.ZS,Jordan,JOR,42.06,43.81,43.35,42.44,41.53,41.55,41.59,41.65,41.7,41.75,41.78,..
"Labor force participation rate, total (% of total population ages 15-64) (modeled ILO estimate)",SL.TLF.ACTI.ZS,Kazakhstan,KAZ,76.41,77.17,76.82,77.03,77.26,77.54,77.59,77.01,76.38,76.56,76.59,..
"Labor force participation rate, total (% of total population ages 15-64) (modeled ILO estimate)",SL.TLF.ACTI.ZS,Kenya,KEN,74.41,71.8,71.83,72.61,73.33,74.01,74.67,75.3,75.06,74.81,74.56,..
"Labor force participation rate, total (% of total population ages 15-64) (modeled ILO estimate)",SL.TLF.ACTI.ZS,Kiribati,KIR,..,..,..,..,..,..,..,..,..,..,..,..
"Labor force participation rate, total (% of total population ages 15-64) (modeled ILO estimate)",SL.TLF.ACTI.ZS,"Korea, Dem. People's Rep.",PRK,83.9,86.33,86.56,86.61,86.66,86.68,86.68,86.53,86.5,86.45,86.24,..
"Labor force participation rate, total (% of total population ages 15-64) (modeled ILO estimate)",SL.TLF.ACTI.ZS,"Korea, Rep.",KOR,62.57,64.31,65.72,66.04,66.27,67.55,67.96,68.33,68.84,68.87,69.11,..
"Labor force participation rate, total (% of total population ages 15-64) (modeled ILO estimate)",SL.TLF.ACTI.ZS,Kosovo,XKX,..,..,..,..,..,..,..,..,..,..,..,..
"Labor force participation rate, total (% of total population ages 15-64) (modeled ILO estimate)",SL.TLF.ACTI.ZS,Kuwait,KWT,64.54,68.23,70.96,71.58,72.34,73.06,73.7,73.96,74.54,74.8,74.97,..
"Labor force participation rate, total (% of total population ages 15-64) (modeled ILO estimate)",SL.TLF.ACTI.ZS,Kyrgyz Republic,KGZ,62.03,68.9,68.16,67.52,66.05,65.93,65.88,65.02,63.64,62.45,62.35,..
"Labor force participation rate, total (% of total population ages 15-64) (modeled ILO estimate)",SL.TLF.ACTI.ZS,Lao PDR,LAO,84.66,83.39,81.14,81.19,81.24,81.3,81.35,81.34,81.33,81.34,81.38,..
"Labor force participation rate, total (% of total population ages 15-64) (modeled ILO estimate)",SL.TLF.ACTI.ZS,Latvia,LVA,69.68,67.06,73.13,74.67,74.18,74.51,75.71,76.45,77.27,78.11,77.74,..
"Labor force participation rate, total (% of total population ages 15-64) (modeled ILO estimate)",SL.TLF.ACTI.ZS,Lebanon,LBN,45.64,48.94,49.97,50.01,49.97,49.94,50,50.14,50.31,50.6,51.07,..
"Labor force participation rate, total (% of total population ages 15-64) (modeled ILO estimate)",SL.TLF.ACTI.ZS,Lesotho,LSO,76.57,74.79,69.76,69.61,69.43,69.54,69.56,69.64,69.75,69.82,69.87,..
"Labor force participation rate, total (% of total population ages 15-64) (modeled ILO estimate)",SL.TLF.ACTI.ZS,Liberia,LBR,76.79,75.59,76.71,76.63,76.5,76.38,76.23,77.71,77.49,77.28,77.08,..
"Labor force participation rate, total (% of total population ages 15-64) (modeled ILO estimate)",SL.TLF.ACTI.ZS,Libya,LBY,45.15,47.23,51.73,52.01,52.23,52.38,52.47,52.61,52.72,52.79,52.8,..
"Labor force participation rate, total (% of total population ages 15-64) (modeled ILO estimate)",SL.TLF.ACTI.ZS,Liechtenstein,LIE,..,..,..,..,..,..,..,..,..,..,..,..
"Labor force participation rate, total (% of total population ages 15-64) (modeled ILO estimate)",SL.TLF.ACTI.ZS,Lithuania,LTU,71.47,71.12,71.51,71.99,72.55,73.75,74.09,75.55,76.1,77.55,78.24,..
"Labor force participation rate, total (% of total population ages 15-64) (modeled ILO estimate)",SL.TLF.ACTI.ZS,Luxembourg,LUX,60.11,64.25,67.69,69.05,69.27,70.08,70.66,69.61,70,70.77,71.66,..
"Labor force participation rate, total (% of total population ages 15-64) (modeled ILO estimate)",SL.TLF.ACTI.ZS,"Macao SAR, China",MAC,61.8,71.35,76.37,76.31,76.57,77.69,77.83,77.44,77.62,78.17,78.15,..
"Labor force participation rate, total (% of total population ages 15-64) (modeled ILO estimate)",SL.TLF.ACTI.ZS,Madagascar,MDG,87.85,87.89,89.98,89.56,89.03,88.41,87.69,87.52,87.38,87.26,87.15,..
"Labor force participation rate, total (% of total population ages 15-64) (modeled ILO estimate)",SL.TLF.ACTI.ZS,Malawi,MWI,77.38,77.41,78.37,78.54,78.69,78.48,78.29,78.05,77.82,77.59,77.31,..
"Labor force participation rate, total (% of total population ages 15-64) (modeled ILO estimate)",SL.TLF.ACTI.ZS,Malaysia,MYS,64.64,63.92,64.26,65.46,67.14,67.51,67.81,67.78,68,68.54,68.64,..
"Labor force participation rate, total (% of total population ages 15-64) (modeled ILO estimate)",SL.TLF.ACTI.ZS,Maldives,MDV,50.16,55.14,63.61,66,68.39,70.72,70.55,69.87,70.75,71.53,72.12,..
"Labor force participation rate, total (% of total population ages 15-64) (modeled ILO estimate)",SL.TLF.ACTI.ZS,Mali,MLI,72.11,71.84,72.96,73.07,73.11,73.07,73.05,72.34,71.58,71.47,71.33,..
"Labor force participation rate, total (% of total population ages 15-64) (modeled ILO estimate)",SL.TLF.ACTI.ZS,Malta,MLT,57.88,58.68,61.99,63.88,66.15,67.6,68.43,69.98,71.18,73.25,74.39,..
"Labor force participation rate, total (% of total population ages 15-64) (modeled ILO estimate)",SL.TLF.ACTI.ZS,Marshall Islands,MHL,..,..,..,..,..,..,..,..,..,..,..,..
"Labor force participation rate, total (% of total population ages 15-64) (modeled ILO estimate)",SL.TLF.ACTI.ZS,Mauritania,MRT,52.46,51.88,46.92,46.58,46.54,46.51,46.49,46.45,46.42,46.52,46.54,..
"Labor force participation rate, total (% of total population ages 15-64) (modeled ILO estimate)",SL.TLF.ACTI.ZS,Mauritius,MUS,63.51,63.52,63.1,63.44,64.86,65.43,66.24,65.81,66.34,66.2,66.17,..
"Labor force participation rate, total (% of total population ages 15-64) (modeled ILO estimate)",SL.TLF.ACTI.ZS,Mexico,MEX,60.6,62.5,64.02,64.78,64.63,64.03,64.14,64.16,64.04,64.35,65.25,..
"Labor force participation rate, total (% of total population ages 15-64) (modeled ILO estimate)",SL.TLF.ACTI.ZS,"Micronesia, Fed. Sts.",FSM,..,..,..,..,..,..,..,..,..,..,..,..
"Labor force participation rate, total (% of total population ages 15-64) (modeled ILO estimate)",SL.TLF.ACTI.ZS,Moldova,MDA,53.13,58.7,47.11,45.4,46.12,45.66,48.63,47.22,46.92,43.72,47.17,..
"Labor force participation rate, total (% of total population ages 15-64) (modeled ILO estimate)",SL.TLF.ACTI.ZS,Monaco,MCO,..,..,..,..,..,..,..,..,..,..,..,..
"Labor force participation rate, total (% of total population ages 15-64) (modeled ILO estimate)",SL.TLF.ACTI.ZS,Mongolia,MNG,59.85,62.9,62.65,62.1,62.68,63.08,63.3,62.19,62.89,63.62,66.34,..
"Labor force participation rate, total (% of total population ages 15-64) (modeled ILO estimate)",SL.TLF.ACTI.ZS,Montenegro,MNE,56.53,57.25,57.25,58.72,58.91,61.43,62.37,63.14,63.37,64.77,66.31,..
"Labor force participation rate, total (% of total population ages 15-64) (modeled ILO estimate)",SL.TLF.ACTI.ZS,Morocco,MAR,51.57,52.5,52.87,52.15,51.8,50.99,50.17,49.38,48.57,48.65,48.73,..
"Labor force participation rate, total (% of total population ages 15-64) (modeled ILO estimate)",SL.TLF.ACTI.ZS,Mozambique,MOZ,85.35,85.52,82.04,81.38,80.67,79.9,79.07,78.92,78.73,78.52,78.33,..
"Labor force participation rate, total (% of total population ages 15-64) (modeled ILO estimate)",SL.TLF.ACTI.ZS,Myanmar,MMR,78.89,76.55,70.84,70.45,70.02,69.62,69.28,67.69,66.16,66.47,64.51,..
"Labor force participation rate, total (% of total population ages 15-64) (modeled ILO estimate)",SL.TLF.ACTI.ZS,Namibia,NAM,57.55,56.23,59.53,59.9,62.56,62.7,62.55,62.39,61.33,60.22,60.59,..
"Labor force participation rate, total (% of total population ages 15-64) (modeled ILO estimate)",SL.TLF.ACTI.ZS,Nauru,NRU,..,..,..,..,..,..,..,..,..,..,..,..
"Labor force participation rate, total (% of total population ages 15-64) (modeled ILO estimate)",SL.TLF.ACTI.ZS,Nepal,NPL,88.28,88.13,85.34,85.2,85.09,84.99,84.89,85.1,85.3,85.48,85.66,..
"Labor force participation rate, total (% of total population ages 15-64) (modeled ILO estimate)",SL.TLF.ACTI.ZS,Netherlands,NLD,66.27,74.88,78.05,78.9,79.28,79,79.66,79.73,79.79,80.31,80.94,..
"Labor force participation rate, total (% of total population ages 15-64) (modeled ILO estimate)",SL.TLF.ACTI.ZS,New Caledonia,NCL,68.66,73.04,72.21,71.92,71.6,71.33,71.2,71.1,71.11,71.17,71.21,..
"Labor force participation rate, total (% of total population ages 15-64) (modeled ILO estimate)",SL.TLF.ACTI.ZS,New Zealand,NZL,73.08,74.99,77.27,77.1,77.51,78.68,78.73,79.92,80.93,81.12,80.89,..
"Labor force participation rate, total (% of total population ages 15-64) (modeled ILO estimate)",SL.TLF.ACTI.ZS,Nicaragua,NIC,61.34,63.03,66.88,67.44,67.99,68.52,68.77,69.02,69.26,69.4,69.53,..
"Labor force participation rate, total (% of total population ages 15-64) (modeled ILO estimate)",SL.TLF.ACTI.ZS,Niger,NER,80.29,80.53,81,78.88,76.5,73.85,73.76,73.68,73.6,73.49,73.39,..
"Labor force participation rate, total (% of total population ages 15-64) (modeled ILO estimate)",SL.TLF.ACTI.ZS,Nigeria,NGA,61.21,60.07,60.02,57.56,55.11,54.8,54.4,53.91,54.88,55.81,56.66,..
"Labor force participation rate, total (% of total population ages 15-64) (modeled ILO estimate)",SL.TLF.ACTI.ZS,North Macedonia,MKD,59.88,60.29,64.23,63.86,64.82,65.22,64.78,64.38,65.1,65.25,66.07,..
"Labor force participation rate, total (% of total population ages 15-64) (modeled ILO estimate)",SL.TLF.ACTI.ZS,Northern Mariana Islands,MNP,..,..,..,..,..,..,..,..,..,..,..,..
"Labor force participation rate, total (% of total population ages 15-64) (modeled ILO estimate)",SL.TLF.ACTI.ZS,Norway,NOR,76.32,80.45,77.67,78.06,77.98,77.88,78.18,77.97,77.23,77.77,78.17,..
"Labor force participation rate, total (% of total population ages 15-64) (modeled ILO estimate)",SL.TLF.ACTI.ZS,Oman,OMN,58.21,56.94,65.46,67.18,68.96,70.68,72.27,72.84,72.47,70.86,71.36,..
"Labor force participation rate, total (% of total population ages 15-64) (modeled ILO estimate)",SL.TLF.ACTI.ZS,Pakistan,PAK,52.08,52.43,53.63,53.95,54.27,54.19,55.08,54.85,54.64,54.43,54.5,..
"Labor force participation rate, total (% of total population ages 15-64) (modeled ILO estimate)",SL.TLF.ACTI.ZS,Palau,PLW,..,..,..,..,..,..,..,..,..,..,..,..
"Labor force participation rate, total (% of total population ages 15-64) (modeled ILO estimate)",SL.TLF.ACTI.ZS,Panama,PAN,61.89,66.72,66.3,68.48,69.32,68.95,69.49,69.86,69.54,71.37,72.16,..
"Labor force participation rate, total (% of total population ages 15-64) (modeled ILO estimate)",SL.TLF.ACTI.ZS,Papua New Guinea,PNG,74.05,73,49.82,49.68,49.57,48.97,48.58,48.48,48.41,48.59,48.42,..
"Labor force participation rate, total (% of total population ages 15-64) (modeled ILO estimate)",SL.TLF.ACTI.ZS,Paraguay,PRY,72.01,72.21,72.31,75.22,74.4,72.72,73.02,73.85,73.78,75.49,76.18,..
"Labor force participation rate, total (% of total population ages 15-64) (modeled ILO estimate)",SL.TLF.ACTI.ZS,Peru,PER,59.94,69.16,81.41,81.21,80.83,79.94,78.68,78.46,80.28,80.75,81.04,..
"Labor force participation rate, total (% of total population ages 15-64) (modeled ILO estimate)",SL.TLF.ACTI.ZS,Philippines,PHL,63.42,63.75,64.72,64.29,64.05,64.78,64.16,64.17,61.87,61.77,62.3,..
"Labor force participation rate, total (% of total population ages 15-64) (modeled ILO estimate)",SL.TLF.ACTI.ZS,Poland,POL,68.93,64.78,65.98,66.71,67.21,68.08,68.38,69.1,69.85,70.41,70.85,..
"Labor force participation rate, total (% of total population ages 15-64) (modeled ILO estimate)",SL.TLF.ACTI.ZS,Portugal,PRT,69.8,71.05,73.55,73.38,73.05,73.3,73.6,73.97,74.91,75.39,75.77,..
"Labor force participation rate, total (% of total population ages 15-64) (modeled ILO estimate)",SL.TLF.ACTI.ZS,Puerto Rico,PRI,50.22,52.97,51.64,51.17,50.68,50.14,49.51,49.83,50.07,50.23,50.32,..
"Labor force participation rate, total (% of total population ages 15-64) (modeled ILO estimate)",SL.TLF.ACTI.ZS,Qatar,QAT,81.4,77.87,87.27,87.03,87.2,87.76,88.51,87.96,87.55,87.5,87.67,..
"Labor force participation rate, total (% of total population ages 15-64) (modeled ILO estimate)",SL.TLF.ACTI.ZS,Romania,ROU,72.86,69.61,63.89,64.68,64.83,65.55,65.91,65.54,67.4,67.93,68.75,..
"Labor force participation rate, total (% of total population ages 15-64) (modeled ILO estimate)",SL.TLF.ACTI.ZS,Russian Federation,RUS,75.88,70.96,73.06,73.16,73.19,73.43,73.68,74.24,74.15,74.43,73.96,..
"Labor force participation rate, total (% of total population ages 15-64) (modeled ILO estimate)",SL.TLF.ACTI.ZS,Rwanda,RWA,92.49,87.32,84.95,84.79,84.61,84.4,84.35,84.28,84.24,84.18,84.08,..
"Labor force participation rate, total (% of total population ages 15-64) (modeled ILO estimate)",SL.TLF.ACTI.ZS,Samoa,WSM,46.98,48.34,46.64,47,47.14,47.23,47.05,46.61,46.57,46.68,46.42,..
"Labor force participation rate, total (% of total population ages 15-64) (modeled ILO estimate)",SL.TLF.ACTI.ZS,San Marino,SMR,..,..,..,..,..,..,..,..,..,..,..,..
"Labor force participation rate, total (% of total population ages 15-64) (modeled ILO estimate)",SL.TLF.ACTI.ZS,Sao Tome and Principe,STP,59.4,57.33,61.07,61.16,61.16,61.05,60.9,60.73,60.48,60.19,59.89,..
"Labor force participation rate, total (% of total population ages 15-64) (modeled ILO estimate)",SL.TLF.ACTI.ZS,Saudi Arabia,SAU,55.29,51.22,53.99,55.2,56.21,56.85,57.74,58.14,57.85,57.5,57.95,..
"Labor force participation rate, total (% of total population ages 15-64) (modeled ILO estimate)",SL.TLF.ACTI.ZS,Senegal,SEN,55.43,53.27,49.55,48.95,48.34,47.72,47.11,47.13,47.13,47.13,47.14,..
"Labor force participation rate, total (% of total population ages 15-64) (modeled ILO estimate)",SL.TLF.ACTI.ZS,Serbia,SRB,65.32,66.22,60.79,61.6,62.55,62.95,63.22,65.13,66.22,67.4,67.6,..
"Labor force participation rate, total (% of total population ages 15-64) (modeled ILO estimate)",SL.TLF.ACTI.ZS,Seychelles,SYC,..,..,..,..,..,..,..,..,..,..,..,..
"Labor force participation rate, total (% of total population ages 15-64) (modeled ILO estimate)",SL.TLF.ACTI.ZS,Sierra Leone,SLE,66.1,65.86,61.08,60.27,59.47,58.67,59.08,59,58.95,58.9,58.8,..
"Labor force participation rate, total (% of total population ages 15-64) (modeled ILO estimate)",SL.TLF.ACTI.ZS,Singapore,SGP,66.72,70.6,73.86,74.7,74.79,75.72,76.64,76.66,77.02,77.02,77.42,..
"Labor force participation rate, total (% of total population ages 15-64) (modeled ILO estimate)",SL.TLF.ACTI.ZS,Sint Maarten (Dutch part),SXM,..,..,..,..,..,..,..,..,..,..,..,..
"Labor force participation rate, total (% of total population ages 15-64) (modeled ILO estimate)",SL.TLF.ACTI.ZS,Slovak Republic,SVK,75.43,69.37,68.77,69.5,69.9,70.27,70.95,71.95,72.2,72.46,72.72,..
"Labor force participation rate, total (% of total population ages 15-64) (modeled ILO estimate)",SL.TLF.ACTI.ZS,Slovenia,SVN,67.16,67.45,70.77,70.89,70.79,70.99,71.65,71.55,74.24,75.14,75.13,..
"Labor force participation rate, total (% of total population ages 15-64) (modeled ILO estimate)",SL.TLF.ACTI.ZS,Solomon Islands,SLB,84.49,85.2,85.46,85.38,85.37,85.38,85.39,85.38,85.35,85.32,85.34,..
"Labor force participation rate, total (% of total population ages 15-64) (modeled ILO estimate)",SL.TLF.ACTI.ZS,Somalia,SOM,52.59,51.32,49.17,49.06,49,48.97,48.98,49.06,49.16,49.28,49.42,..
"Labor force participation rate, total (% of total population ages 15-64) (modeled ILO estimate)",SL.TLF.ACTI.ZS,South Africa,ZAF,59.69,58.72,55.99,56.57,57.25,57.64,59.09,59.34,60.1,59.96,60.13,..
"Labor force participation rate, total (% of total population ages 15-64) (modeled ILO estimate)",SL.TLF.ACTI.ZS,South Sudan,SSD,75.44,75.8,74.72,74.62,74.48,74.34,74.17,74.08,73.99,73.9,73.79,..
"Labor force participation rate, total (% of total population ages 15-64) (modeled ILO estimate)",SL.TLF.ACTI.ZS,Spain,ESP,59.75,65.28,73.95,74.29,74.29,74.22,74.38,74.38,74.16,74.06,74.17,..
"Labor force participation rate, total (% of total population ages 15-64) (modeled ILO estimate)",SL.TLF.ACTI.ZS,Sri Lanka,LKA,65.92,60.6,58.25,57.46,59.13,58.48,59.47,59.76,59.9,57.93,57.52,..
"Labor force participation rate, total (% of total population ages 15-64) (modeled ILO estimate)",SL.TLF.ACTI.ZS,St. Kitts and Nevis,KNA,..,..,..,..,..,..,..,..,..,..,..,..
"Labor force participation rate, total (% of total population ages 15-64) (modeled ILO estimate)",SL.TLF.ACTI.ZS,St. Lucia,LCA,67.57,69.38,75.37,75.93,76.54,77.17,77.78,78.38,78.98,80.08,79.14,..
"Labor force participation rate, total (% of total population ages 15-64) (modeled ILO estimate)",SL.TLF.ACTI.ZS,St. Martin (French part),MAF,..,..,..,..,..,..,..,..,..,..,..,..
"Labor force participation rate, total (% of total population ages 15-64) (modeled ILO estimate)",SL.TLF.ACTI.ZS,St. Vincent and the Grenadines,VCT,67.16,70.85,73.29,73.47,73.63,73.73,73.78,73.86,73.98,74.15,74.28,..
"Labor force participation rate, total (% of total population ages 15-64) (modeled ILO estimate)",SL.TLF.ACTI.ZS,Sudan,SDN,50.41,51.88,50.28,50.11,50,49.92,49.82,49.75,49.69,49.71,49.74,..
"Labor force participation rate, total (% of total population ages 15-64) (modeled ILO estimate)",SL.TLF.ACTI.ZS,Suriname,SUR,52.35,54.65,56.47,56.62,56.75,56.84,56.88,56.83,56.86,56.88,56.83,..
"Labor force participation rate, total (% of total population ages 15-64) (modeled ILO estimate)",SL.TLF.ACTI.ZS,Sweden,SWE,83.99,77.74,79.7,80.07,80.99,81.53,81.88,82.25,82.74,82.97,83.13,..
"Labor force participation rate, total (% of total population ages 15-64) (modeled ILO estimate)",SL.TLF.ACTI.ZS,Switzerland,CHE,79.82,80.56,82,82.22,82.38,82.92,83.38,83.93,83.96,84.17,84.21,..
"Labor force participation rate, total (% of total population ages 15-64) (modeled ILO estimate)",SL.TLF.ACTI.ZS,Syrian Arab Republic,SYR,54.77,52.07,45.13,45.29,45.5,45.75,46.02,46.21,46.44,46.65,46.84,..
"Labor force participation rate, total (% of total population ages 15-64) (modeled ILO estimate)",SL.TLF.ACTI.ZS,Tajikistan,TJK,47.27,47.34,44.71,44.51,44.29,44.07,43.83,43.6,42.84,42.14,41.47,..
"Labor force participation rate, total (% of total population ages 15-64) (modeled ILO estimate)",SL.TLF.ACTI.ZS,Tanzania,TZA,88.85,88.39,87.11,86.46,85.74,84.94,84.91,84.84,84.75,84.65,84.52,..
"Labor force participation rate, total (% of total population ages 15-64) (modeled ILO estimate)",SL.TLF.ACTI.ZS,Thailand,THA,79.02,77.93,79.06,78.66,76.74,75.96,75.53,74.73,74.13,74.71,74.17,..
"Labor force participation rate, total (% of total population ages 15-64) (modeled ILO estimate)",SL.TLF.ACTI.ZS,Timor-Leste,TLS,70.56,70.89,67.23,66.97,66.98,66.88,66.86,66.81,67.21,67.45,67.49,..
"Labor force participation rate, total (% of total population ages 15-64) (modeled ILO estimate)",SL.TLF.ACTI.ZS,Togo,TGO,58.22,57.11,58.97,59.01,59.02,59,58.93,58.85,58.76,58.63,58.49,..
"Labor force participation rate, total (% of total population ages 15-64) (modeled ILO estimate)",SL.TLF.ACTI.ZS,Tonga,TON,57.28,58.46,54.13,53.67,53.11,52.43,51.64,50.87,50.09,49.31,49.26,..
"Labor force participation rate, total (% of total population ages 15-64) (modeled ILO estimate)",SL.TLF.ACTI.ZS,Trinidad and Tobago,TTO,61.63,66.08,68.08,69.07,69.46,69.77,69.39,68.99,68.85,68.73,68.59,..
"Labor force participation rate, total (% of total population ages 15-64) (modeled ILO estimate)",SL.TLF.ACTI.ZS,Tunisia,TUN,51.05,50.38,51.08,51.94,51.6,51.57,51.59,51.57,51.56,51.53,51.53,..
"Labor force participation rate, total (% of total population ages 15-64) (modeled ILO estimate)",SL.TLF.ACTI.ZS,Turkey,TUR,59.79,51.51,52.78,52.81,53.87,54.6,55.59,56.56,57.55,58.08,58.09,..
"Labor force participation rate, total (% of total population ages 15-64) (modeled ILO estimate)",SL.TLF.ACTI.ZS,Turkmenistan,TKM,61.15,65.61,61.33,61.21,61.21,61.21,61.28,61.32,61.29,61.25,61.2,..
"Labor force participation rate, total (% of total population ages 15-64) (modeled ILO estimate)",SL.TLF.ACTI.ZS,Turks and Caicos Islands,TCA,..,..,..,..,..,..,..,..,..,..,..,..
"Labor force participation rate, total (% of total population ages 15-64) (modeled ILO estimate)",SL.TLF.ACTI.ZS,Tuvalu,TUV,..,..,..,..,..,..,..,..,..,..,..,..
"Labor force participation rate, total (% of total population ages 15-64) (modeled ILO estimate)",SL.TLF.ACTI.ZS,Uganda,UGA,70.89,71.26,71.94,72.04,71.94,71.82,71.68,71.53,71.37,71.17,70.94,..
"Labor force participation rate, total (% of total population ages 15-64) (modeled ILO estimate)",SL.TLF.ACTI.ZS,Ukraine,UKR,68.15,67.24,66.79,66.44,67.27,65.83,66.25,66.25,66.48,66.58,66.64,..
"Labor force participation rate, total (% of total population ages 15-64) (modeled ILO estimate)",SL.TLF.ACTI.ZS,United Arab Emirates,ARE,73.85,76.88,84.09,83.8,83.55,83.48,83.65,83.17,82.99,82.8,82.76,..
"Labor force participation rate, total (% of total population ages 15-64) (modeled ILO estimate)",SL.TLF.ACTI.ZS,United Kingdom,GBR,76.39,75.17,75.35,75.87,76.25,76.55,76.79,77.16,77.41,77.73,78.01,..
"Labor force participation rate, total (% of total population ages 15-64) (modeled ILO estimate)",SL.TLF.ACTI.ZS,United States,USA,75.77,76.43,71.96,72.12,71.67,71.58,71.55,71.93,72.37,72.64,73.11,..
"Labor force participation rate, total (% of total population ages 15-64) (modeled ILO estimate)",SL.TLF.ACTI.ZS,Uruguay,URY,69.54,73.25,76.69,76.35,75.93,76.39,76.01,75.84,75.51,75.18,75.28,..
"Labor force participation rate, total (% of total population ages 15-64) (modeled ILO estimate)",SL.TLF.ACTI.ZS,Uzbekistan,UZB,66.49,69.07,65.93,65.72,65.53,65.38,65.23,65.19,65.26,65.25,65.19,..
"Labor force participation rate, total (% of total population ages 15-64) (modeled ILO estimate)",SL.TLF.ACTI.ZS,Vanuatu,VUT,70.39,69.48,70.38,70.33,70.33,70.4,70.62,70.64,70.58,70.59,70.55,..
"Labor force participation rate, total (% of total population ages 15-64) (modeled ILO estimate)",SL.TLF.ACTI.ZS,"Venezuela, RB",VEN,64.2,66.1,67,66.57,66.73,66.73,66.67,66.18,65.62,64.68,62.51,..
"Labor force participation rate, total (% of total population ages 15-64) (modeled ILO estimate)",SL.TLF.ACTI.ZS,Vietnam,VNM,82.74,81.9,81.02,81.28,82.26,82.49,82.42,82.16,82.66,83.21,83.09,..
"Labor force participation rate, total (% of total population ages 15-64) (modeled ILO estimate)",SL.TLF.ACTI.ZS,Virgin Islands (U.S.),VIR,70.08,71.02,72.22,72.04,71.95,71.89,71.83,71.82,71.84,71.88,71.91,..
"Labor force participation rate, total (% of total population ages 15-64) (modeled ILO estimate)",SL.TLF.ACTI.ZS,West Bank and Gaza,PSE,42.22,42.11,42.37,42.74,42.98,43.31,45.48,45.55,46,45.5,46.33,..
"Labor force participation rate, total (% of total population ages 15-64) (modeled ILO estimate)",SL.TLF.ACTI.ZS,"Yemen, Rep.",YEM,45.12,47.64,39.82,39.13,38.52,37.96,38.39,38.7,38.97,39.19,39.39,..
"Labor force participation rate, total (% of total population ages 15-64) (modeled ILO estimate)",SL.TLF.ACTI.ZS,Zambia,ZMB,80.11,79.44,76.63,76.07,76.01,75.92,75.8,75.67,75.5,75.3,75.13,..
"Labor force participation rate, total (% of total population ages 15-64) (modeled ILO estimate)",SL.TLF.ACTI.ZS,Zimbabwe,ZWE,83.27,80.13,83.42,83.52,83.69,83.8,83.88,83.99,84.01,83.97,83.98,..
"Labor force participation rate, total (% of total population ages 15-64) (modeled ILO estimate)",SL.TLF.ACTI.ZS,Africa Eastern and Southern,AFE,73.8556258797341,73.6691053593078,72.7374151630059,72.6575265156993,72.7204789607241,72.6553354784877,72.7712973591775,72.8113700420072,72.8159389222769,72.7134331109043,72.6435442175774,..
"Labor force participation rate, total (% of total population ages 15-64) (modeled ILO estimate)",SL.TLF.ACTI.ZS,Africa Western and Central,AFW,67.0423204607659,65.9977888542692,64.4692088753312,63.1405539299455,61.8027679601863,61.4031904956983,61.1372410665234,60.8713973751403,61.1629718242256,61.5509369647565,61.8986255004277,..
"Labor force participation rate, total (% of total population ages 15-64) (modeled ILO estimate)",SL.TLF.ACTI.ZS,Arab World,ARB,50.0391844216391,49.8982936298288,51.0319361740506,51.1906249892206,51.5301146276327,51.3737263187536,51.1233617132941,51.0783970906625,50.637010551343,50.3104898790613,50.3983699653544,..
"Labor force participation rate, total (% of total population ages 15-64) (modeled ILO estimate)",SL.TLF.ACTI.ZS,Caribbean small states,CSS,68.5214371775587,68.2111462275432,67.2349993030559,67.3427256666482,67.9458432831466,67.9488020625836,68.0789285913177,68.7503660403106,69.0846980348639,68.8184492004661,69.1802915015932,..
"Labor force participation rate, total (% of total population ages 15-64) (modeled ILO estimate)",SL.TLF.ACTI.ZS,Central Europe and the Baltics,CEB,69.8446923281504,66.2252554474402,66.2607142331934,67.0472851821284,67.5793070638621,68.5304948575022,69.0936463742754,69.5768885587684,70.7461233983468,71.3144391128383,71.8606192892446,..
"Labor force participation rate, total (% of total population ages 15-64) (modeled ILO estimate)",SL.TLF.ACTI.ZS,Early-demographic dividend,EAR,61.4021822648981,61.1630716484974,59.2758842198154,58.9949911742314,58.7976185271732,58.5708504403805,58.464249689032,58.3483703206025,58.3388659020878,58.2685354406618,58.359537147619,..
"Labor force participation rate, total (% of total population ages 15-64) (modeled ILO estimate)",SL.TLF.ACTI.ZS,East Asia & Pacific,EAS,79.4823875521482,78.6201449959997,74.9882361246439,74.9578229434228,74.8236267446492,74.7871173794946,74.6794691346933,74.5844291607636,74.5286877029358,74.6469743477592,74.6158230464294,..
"Labor force participation rate, total (% of total population ages 15-64) (modeled ILO estimate)",SL.TLF.ACTI.ZS,East Asia & Pacific (excluding high income),EAP,81.1151819967439,79.7615036179783,75.4011921398822,75.3402640571814,75.1261472834359,75.0110484562609,74.8392149771279,74.6666010463445,74.5360189016428,74.5828271786231,74.4875335629824,..
"Labor force participation rate, total (% of total population ages 15-64) (modeled ILO estimate)",SL.TLF.ACTI.ZS,East Asia & Pacific (IDA & IBRD countries),TEA,81.0769190666638,79.6758642352652,75.2651722452066,75.2032232282099,74.9861682374403,74.8693627359107,74.6949151525368,74.5212976731633,74.3883988333125,74.4350944837894,74.3401526380733,..
"Labor force participation rate, total (% of total population ages 15-64) (modeled ILO estimate)",SL.TLF.ACTI.ZS,Euro area,EMU,65.6348809395889,67.7373428389579,71.5393540206088,72.0240816919329,72.2073453077713,72.3093789776664,72.486089534488,72.8482598608613,73.1061185152143,73.4464125944333,73.7026022775382,..
"Labor force participation rate, total (% of total population ages 15-64) (modeled ILO estimate)",SL.TLF.ACTI.ZS,Europe & Central Asia,ECS,69.0376637329316,67.852699472951,69.2724362507455,69.5377421115956,69.797337027734,69.989679273182,70.2848576023909,70.6475568466112,70.9311124934005,71.2053805153499,71.2976300207219,..
"Labor force participation rate, total (% of total population ages 15-64) (modeled ILO estimate)",SL.TLF.ACTI.ZS,Europe & Central Asia (excluding high income),ECA,70.1076041535109,66.5638659693718,66.3469806506569,66.3305897275747,66.5795224058831,66.6648383383511,67.0037766443459,67.2927395297138,67.5165861012135,67.6741264110467,67.539916988677,..
"Labor force participation rate, total (% of total population ages 15-64) (modeled ILO estimate)",SL.TLF.ACTI.ZS,Europe & Central Asia (IDA & IBRD countries),TEC,69.9496466679156,66.379395173567,66.2946365620728,66.3418775151886,66.6081856980921,66.7819723717762,67.1205109309965,67.4310679145781,67.7050037707231,67.8935854320693,67.809755583428,..
"Labor force participation rate, total (% of total population ages 15-64) (modeled ILO estimate)",SL.TLF.ACTI.ZS,European Union,EUU,67.0556713470674,67.645064728632,70.5054883051005,71.048697351553,71.3284665750423,71.6413503009718,71.9080019569169,72.2942540878805,72.7674127744283,73.1562606146555,73.494314248607,..
"Labor force participation rate, total (% of total population ages 15-64) (modeled ILO estimate)",SL.TLF.ACTI.ZS,Fragile and conflict affected situations,FCS,67.591470623258,66.9628012431547,64.6750738291855,63.9197367867437,63.3231980788923,63.1309091516848,63.0017899082736,62.7589244910972,62.7527688670371,62.9366528243146,62.8885556955405,..
"Labor force participation rate, total (% of total population ages 15-64) (modeled ILO estimate)",SL.TLF.ACTI.ZS,Heavily indebted poor countries (HIPC),HPC,73.4586848925877,73.189862600237,71.5097216185128,71.1045527452505,70.923087084402,70.6765314607571,70.4448101985698,70.3835700883785,70.2764696617794,70.2813942957164,70.2067218575555,..
"Labor force participation rate, total (% of total population ages 15-64) (modeled ILO estimate)",SL.TLF.ACTI.ZS,High income,HIC,69.9269316126674,70.8587092160407,71.4940555401672,71.8187810475685,71.9528011673473,72.1953040556845,72.4228959331612,72.8286534272926,73.2141059523623,73.5807902277527,73.9656499659585,..
"Labor force participation rate, total (% of total population ages 15-64) (modeled ILO estimate)",SL.TLF.ACTI.ZS,IBRD only,IBD,70.9717341763111,69.6291272306627,66.4409688840139,66.2403157177899,66.0405267458535,65.8100899993788,65.6481546976995,65.4878087307407,65.3482257049025,65.2322687071507,65.1941986425428,..
"Labor force participation rate, total (% of total population ages 15-64) (modeled ILO estimate)",SL.TLF.ACTI.ZS,IDA & IBRD total,IBT,70.3409038736662,69.1071423729632,66.22857607159,65.9830035378067,65.7525342502912,65.533460608809,65.4110748032419,65.2571497011054,65.2106474257453,65.14131035995,65.1160502578162,..
"Labor force participation rate, total (% of total population ages 15-64) (modeled ILO estimate)",SL.TLF.ACTI.ZS,IDA blend,IDB,61.1569285195826,60.6814768059649,60.2387138699914,59.6162192731098,58.9985124635297,58.9073497764022,59.1810587240481,58.9826687110973,59.1977576522111,59.3954046218957,59.6732905868227,..
"Labor force participation rate, total (% of total population ages 15-64) (modeled ILO estimate)",SL.TLF.ACTI.ZS,IDA only,IDX,70.32281903594,69.8843373685783,68.032545115821,67.7370611181003,67.5514074760562,67.3572394810094,67.2774070082736,67.2007813424067,67.5367654400786,67.5855543304026,67.4774564245547,..
"Labor force participation rate, total (% of total population ages 15-64) (modeled ILO estimate)",SL.TLF.ACTI.ZS,IDA total,IDA,67.2508282408534,66.8008242547664,65.4010799958129,64.9944060209689,64.662159555067,64.5024992198964,64.5424194969711,64.4267814103307,64.7244703219762,64.8261523328251,64.8507215711218,..
"Labor force participation rate, total (% of total population ages 15-64) (modeled ILO estimate)",SL.TLF.ACTI.ZS,Late-demographic dividend,LTE,79.3253218214168,77.9587765751232,74.5411232644966,74.5993971863257,74.5461053253085,74.4929679067421,74.4981266746683,74.4315342272987,74.4364197339184,74.4381418584957,74.3636011828923,..
"Labor force participation rate, total (% of total population ages 15-64) (modeled ILO estimate)",SL.TLF.ACTI.ZS,Latin America & Caribbean,LCN,64.0178837434236,66.4453515123443,68.038784572607,68.7025139346031,68.5957811042334,68.426686163829,68.5996786466506,68.6574589073981,68.9494918561167,69.2487462132943,69.5950013133374,..
"Labor force participation rate, total (% of total population ages 15-64) (modeled ILO estimate)",SL.TLF.ACTI.ZS,Latin America & Caribbean (excluding high income),LAC,64.2997359406579,66.6971569054621,68.1665606329621,68.9188586279026,68.7875148729431,68.5867916917815,68.7742914558001,68.8575117879932,69.1831247822929,69.5323659409035,70.0068189525309,..
"Labor force participation rate, total (% of total population ages 15-64) (modeled ILO estimate)",SL.TLF.ACTI.ZS,Latin America & the Caribbean (IDA & IBRD countries),TLA,64.3701374269699,66.7361217419557,68.2152829958961,68.8959143145162,68.784664160936,68.6102777115016,68.7850147826423,68.8362710031382,69.126557682211,69.4230054047369,69.7737297493318,..
"Labor force participation rate, total (% of total population ages 15-64) (modeled ILO estimate)",SL.TLF.ACTI.ZS,Least developed countries: UN classification,LDC,71.2161884250468,70.7980399987406,69.3225319049531,69.005681913353,68.7620070844399,68.5231437688638,68.4337230102341,68.347334450993,68.739193050553,68.7679827911453,68.6433030105167,..
"Labor force participation rate, total (% of total population ages 15-64) (modeled ILO estimate)",SL.TLF.ACTI.ZS,Low & middle income,LMY,70.453830936169,69.2335776561929,66.2913037005109,66.0398305993034,65.8021830680171,65.5719170914,65.447100571389,65.29028006459,65.2401901835058,65.1701278048357,65.151467664566,..
"Labor force participation rate, total (% of total population ages 15-64) (modeled ILO estimate)",SL.TLF.ACTI.ZS,Low income,LIC,72.0361485335743,71.7841536601034,69.6854600732864,69.3835199332108,69.2073226828059,68.9603440463557,68.8801754697928,68.8400517689673,68.7792110471443,68.720158938061,68.6333031417456,..
"Labor force participation rate, total (% of total population ages 15-64) (modeled ILO estimate)",SL.TLF.ACTI.ZS,Lower middle income,LMC,62.6743312407994,62.2121052016254,60.0284116278328,59.5219310156166,59.2309128907117,58.958289595679,58.7462704251075,58.5326677057709,58.5028221788986,58.4322768609176,58.5169342421119,..
"Labor force participation rate, total (% of total population ages 15-64) (modeled ILO estimate)",SL.TLF.ACTI.ZS,Middle East & North Africa,MEA,49.6351424674561,49.1602884536218,50.2209424618187,50.3392959454386,50.6114197603601,50.4455616074974,50.493010547787,50.7947803879746,50.626740641594,50.3634781284837,50.4798760132277,..
"Labor force participation rate, total (% of total population ages 15-64) (modeled ILO estimate)",SL.TLF.ACTI.ZS,Middle East & North Africa (excluding high income),MNA,48.2006729997338,47.7657482062057,47.4126630257391,47.3663545910647,47.5358675600191,47.2056703845657,47.1072219388306,47.4124927802044,47.2231471692887,46.9522216709441,47.0313864977511,..
"Labor force participation rate, total (% of total population ages 15-64) (modeled ILO estimate)",SL.TLF.ACTI.ZS,Middle East & North Africa (IDA & IBRD countries),TMN,48.2499252949029,47.8164748341676,47.463155359999,47.4133488382921,47.5828139139519,47.2463758300711,47.1244504056182,47.4324672341552,47.2363988304046,46.9681959844641,47.0392139393658,..
"Labor force participation rate, total (% of total population ages 15-64) (modeled ILO estimate)",SL.TLF.ACTI.ZS,Middle income,MIC,70.353988829102,69.0577057191884,66.0219486805783,65.7703672564194,65.5233379594605,65.2896398823799,65.1557705224318,64.9833041338952,64.9279880737935,64.8502598770178,64.8307803692282,..
"Labor force participation rate, total (% of total population ages 15-64) (modeled ILO estimate)",SL.TLF.ACTI.ZS,North America,NAC,75.8689457164785,76.4047075683448,72.5626135860746,72.705093674899,72.3228678799733,72.2136431459921,72.2068984359404,72.5636381884325,72.9985186062817,73.245306027201,73.7298015984663,..
"Labor force participation rate, total (% of total population ages 15-64) (modeled ILO estimate)",SL.TLF.ACTI.ZS,Not classified,INX,..,..,..,..,..,..,..,..,..,..,..,..
"Labor force participation rate, total (% of total population ages 15-64) (modeled ILO estimate)",SL.TLF.ACTI.ZS,OECD members,OED,69.2393984452263,69.7763751766738,70.2756764348481,70.6276644552021,70.7319457104975,70.8872607068255,71.1095799752071,71.4780493713352,71.8381738687722,72.1999407289973,72.5552055542897,..
"Labor force participation rate, total (% of total population ages 15-64) (modeled ILO estimate)",SL.TLF.ACTI.ZS,Other small states,OSS,65.1281320232949,64.0745300050633,66.9380355587948,67.396707974804,68.1277565472206,68.4780684869779,68.8825888164635,68.9286474511424,69.0425986845963,69.1738430982636,69.3293279981839,..
"Labor force participation rate, total (% of total population ages 15-64) (modeled ILO estimate)",SL.TLF.ACTI.ZS,Pacific island small states,PSS,64.8415262468374,64.9527123656271,68.3143711152605,68.0626648972936,67.8067030039524,67.5382762837997,67.4027470925257,67.1399015476934,67.1194562927836,67.1360466439091,67.1706530169702,..
"Labor force participation rate, total (% of total population ages 15-64) (modeled ILO estimate)",SL.TLF.ACTI.ZS,Post-demographic dividend,PST,70.1753458691089,71.3704696026529,71.9340212956887,72.2140559908319,72.359618150292,72.5067749085843,72.7211764450141,73.114549476589,73.533382475053,73.9247669440096,74.3187981268562,..
"Labor force participation rate, total (% of total population ages 15-64) (modeled ILO estimate)",SL.TLF.ACTI.ZS,Pre-demographic dividend,PRE,68.8767276507186,68.0501799840897,66.6998817452894,65.9208333742412,65.268526666042,65.0513666431499,64.9139702649866,64.8129072406719,64.8546057307717,65.0163354110786,65.1459079755056,..
"Labor force participation rate, total (% of total population ages 15-64) (modeled ILO estimate)",SL.TLF.ACTI.ZS,Small states,SST,65.9340251206713,65.0651429699393,67.0686461354193,67.4206706722306,68.076104396267,68.3288815321732,68.6555047816186,68.8056150280688,68.9545951104771,69.0072743172644,69.1951078897292,..
"Labor force participation rate, total (% of total population ages 15-64) (modeled ILO estimate)",SL.TLF.ACTI.ZS,South Asia,SAS,59.7970427283727,59.2597591034662,55.9277639582231,55.2441141552551,54.9712990063532,54.6366807582108,54.4440532999219,54.1352853167381,54.0842026673096,53.7885721545775,53.804134880938,..
"Labor force participation rate, total (% of total population ages 15-64) (modeled ILO estimate)",SL.TLF.ACTI.ZS,South Asia (IDA & IBRD),TSA,59.7970427283727,59.2597591034662,55.9277639582231,55.2441141552551,54.9712990063532,54.6366807582108,54.4440532999219,54.1352853167381,54.0842026673096,53.7885721545775,53.804134880938,..
"Labor force participation rate, total (% of total population ages 15-64) (modeled ILO estimate)",SL.TLF.ACTI.ZS,Sub-Saharan Africa,SSF,71.1131547964193,70.5865189305281,69.4274875990065,68.8530464879417,68.3620764614432,68.1686162415001,68.1361734151023,68.0595500611805,68.1814954347092,68.2757380053986,68.3728541546447,..
"Labor force participation rate, total (% of total population ages 15-64) (modeled ILO estimate)",SL.TLF.ACTI.ZS,Sub-Saharan Africa (excluding high income),SSA,71.1131547964193,70.5865189305281,69.4274875990065,68.8530464879417,68.3620764614432,68.1686162415001,68.1361734151023,68.0595500611805,68.1814954347092,68.2757380053986,68.3728541546447,..
"Labor force participation rate, total (% of total population ages 15-64) (modeled ILO estimate)",SL.TLF.ACTI.ZS,Sub-Saharan Africa (IDA & IBRD countries),TSS,71.1131547964193,70.5865189305281,69.4274875990065,68.8530464879417,68.3620764614432,68.1686162415001,68.1361734151023,68.0595500611806,68.1814954347091,68.2757380053986,68.3728541546448,..
"Labor force participation rate, total (% of total population ages 15-64) (modeled ILO estimate)",SL.TLF.ACTI.ZS,Upper middle income,UMC,77.3761399061332,75.9320290871827,72.6328338070352,72.7348444001531,72.6139124970371,72.5077080723529,72.5556131235006,72.52959615754,72.5457311186629,72.5696579089968,72.5381385659024,..
"Labor force participation rate, total (% of total population ages 15-64) (modeled ILO estimate)",SL.TLF.ACTI.ZS,World,WLD,70.3221665515792,69.5255271797271,67.1772460921659,67.013269908178,66.8294853692897,66.6682783603959,66.5910764412123,66.5142591652128,66.5210981886016,66.505866172983,66.5305098139547,..
,,,,,,,,,,,,,,,
,,,,,,,,,,,,,,,
,,,,,,,,,,,,,,,
Data from database: World Development Indicators,,,,,,,,,,,,,,,
Last Updated: 12/16/2021,,,,,,,,,,,,,,,
